CITY,STATE,AREA,IDHM,IBGE_RES_POP,IBGE_POP
Nova Lima,MG,429,0.813,80998,76049
Belo Horizonte,MG,331.4,0.81,2375151,2263631
Uberlândia,MG,NaN,0.789,604013,580561
Itajubá,MG,294.84,0.787,90658,80074
Lavras,MG,564.74,0.782,92200,87422
Itaú De Minas,MG,153.42,0.78,14945,14527
Poços De Caldas,MG,546.96,0.779,152435,148198
Juiz De Fora,MG,NaN,0.778,516247,499216
Varginha,MG,395.4,0.778,123081,118734
Lagoa Santa,MG,229.41,0.777,52520,49199
Viçosa,MG,299.42,0.775,72220,67078
Pouso Alegre,MG,542.8,0.774,130615,118760
Araguari,MG,NaN,0.773,109801,101933
Araxá,MG,NaN,0.772,93672,88054
Uberaba,MG,NaN,0.772,295988,285743
Ipatinga,MG,164.88,0.77,239468,235407
Montes Claros,MG,NaN,0.77,361915,338940
Timóteo,MG,144.38,0.77,81243,78539
Barbacena,MG,759.19,0.769,126284,114563
Patos De Minas,MG,NaN,0.765,138710,124101
Divinópolis,MG,708.12,0.764,213016,190832
Ouro Branco,MG,258.73,0.764,35268,31547
Alfenas,MG,850.45,0.76,73774,68964
Conselheiro Lafaiete,MG,370.25,0.76,116512,110658
Contagem,MG,195.05,0.76,603442,595593
Itabira,MG,NaN,0.76,109783,101931
Passos,MG,NaN,0.76,106290,100405
Sete Lagoas,MG,536.64,0.76,214152,208184
São Lourenço,MG,58.02,0.759,41657,40784
Itaúna,MG,495.77,0.758,85463,79872
João Monlevade,MG,99.16,0.758,73610,73080
São João Del Rei,MG,NaN,0.758,84469,79654
Pedro Leopoldo,MG,292.95,0.757,58740,55232
Coronel Fabriciano,MG,221.25,0.755,103694,99429
Formiga,MG,NaN,0.755,65128,58961
Congonhas,MG,304.07,0.753,48519,47032
Três Marias,MG,NaN,0.752,28318,26773
Arcos,MG,509.87,0.75,36597,33752
Betim,MG,343.86,0.75,378089,372678
Bom Despacho,MG,NaN,0.75,45624,42068
Cambuí,MG,244.57,0.75,26488,22241
Cataguases,MG,491.77,0.75,69757,66352
Guaxupé,MG,286.4,0.75,49430,46069
Brumadinho,MG,639.43,0.747,33973,28129
Confins,MG,42.36,0.747,5936,5396
Iturama,MG,NaN,0.747,34456,32224
Caxambu,MG,100.48,0.743,21705,21077
Mariana,MG,NaN,0.742,54219,47999
Vazante,MG,NaN,0.742,19723,16094
Bambuí,MG,NaN,0.741,22734,19119
Cachoeira Da Prata,MG,61.38,0.741,3654,3528
Carneirinho,MG,NaN,0.741,9471,6936
Ouro Preto,MG,NaN,0.741,70281,61519
Santos Dumont,MG,637.37,0.741,46284,41193
Bicas,MG,140.08,0.74,13653,12894
Delfinópolis,MG,NaN,0.74,6830,4810
Itanhandu,MG,143.36,0.74,14175,12009
Ituiutaba,MG,NaN,0.74,97171,92119
Muzambinho,MG,409.95,0.74,20430,15620
Paracatu,MG,NaN,0.74,84718,73521
Perdões,MG,270.66,0.74,20087,17714
São José Da Barra,MG,314.25,0.74,6778,4882
Tiradentes,MG,83.05,0.74,6961,5403
Três Corações,MG,828.04,0.74,72765,65609
Piumhi,MG,902.47,0.737,31883,28288
Ribeirão Vermelho,MG,49.25,0.737,3826,3532
São Gotardo,MG,866.09,0.736,31819,29284
Unaí,MG,NaN,0.736,77565,59265
Bom Jesus Da Penha,MG,208.35,0.735,3887,2794
Carmo Do Rio Claro,MG,NaN,0.733,20426,14245
Extrema,MG,244.58,0.732,28599,25951
Lagoa Da Prata,MG,439.98,0.732,45984,44536
Sacramento,MG,NaN,0.732,23896,19131
Grupiara,MG,193.14,0.731,1373,1170
Matozinhos,MG,252.28,0.731,33955,32354
Pirapora,MG,549.51,0.731,53368,51887
Sabará,MG,302.42,0.731,126269,119262
Três Pontas,MG,689.79,0.731,53860,45472
Andradas,MG,469.4,0.73,37270,27784
Barroso,MG,82.07,0.73,19599,18874
Borda Da Mata,MG,301.11,0.73,17118,13622
Conquista,MG,618.36,0.73,6526,5621
Frutal,MG,NaN,0.73,53468,45843
Itabirito,MG,542.61,0.73,45449,43396
Muriaé,MG,841.69,0.73,100765,92629
Paraisópolis,MG,331.24,0.73,19379,15961
Patrocínio,MG,NaN,0.73,82471,71918
Pedrinópolis,MG,357.89,0.73,3490,2911
Pratápolis,MG,215.52,0.73,8807,7739
Raposos,MG,72.23,0.73,15342,14988
São José Da Lapa,MG,47.93,0.73,19799,17889
Sarzedo,MG,62.13,0.73,25814,25478
Caeté,MG,542.53,0.728,40750,35191
Monte Carmelo,MG,NaN,0.728,45772,39350
Pains,MG,421.86,0.728,8014,6565
Areado,MG,283.12,0.727,13731,11478
Governador Valadares,MG,NaN,0.727,263689,248674
Itutinga,MG,372.02,0.727,3913,2755
Além Paraíba,MG,510.25,0.726,34349,31942
Cachoeira Dourada,MG,200.93,0.726,2505,2219
Itumirim,MG,234.8,0.726,6139,4696
Leopoldina,MG,943.08,0.726,51130,45516
Alpinópolis,MG,454.75,0.725,18488,14884
Carrancas,MG,727.89,0.725,3948,2581
Pará De Minas,MG,551.25,0.725,84215,78927
Pitangui,MG,569.64,0.725,25311,22436
Capinópolis,MG,620.72,0.723,15290,14194
Itapagipe,MG,NaN,0.723,13656,9369
Juruaia,MG,220.35,0.723,9238,4487
Perdizes,MG,NaN,0.723,14404,9784
Pirajuba,MG,337.98,0.723,4656,4097
Barão De Cocais,MG,340.59,0.722,28442,25126
Canápolis,MG,839.74,0.722,11365,10029
Ouro Fino,MG,533.71,0.722,31568,22455
São Sebastião Do Paraíso,MG,814.93,0.722,64980,59711
Cascalho Rico,MG,367.31,0.721,2857,1794
Japaraíba,MG,172.14,0.721,3939,2533
Moema,MG,202.71,0.721,7028,6458
Monsenhor Paulo,MG,216.54,0.721,8161,6102
Pratinha,MG,622.48,0.721,3265,1758
Santa Rita Do Sapucaí,MG,352.97,0.721,37754,31718
Arapuá,MG,173.89,0.72,2775,2074
Carvalhópolis,MG,81.1,0.72,3341,2434
Dores Do Indaiá,MG,NaN,0.72,13778,12516
Fama,MG,86.02,0.72,2350,1512
Florestal,MG,194.24,0.72,6600,5479
Itapeva,MG,177.35,0.72,8664,4511
Juatuba,MG,97.17,0.72,22202,21719
Luz,MG,NaN,0.72,17486,15593
Matias Barbosa,MG,157.07,0.72,13435,12434
Monte Sião,MG,291.59,0.72,21203,16545
Paiva,MG,58.42,0.72,1558,1218
Piranguinho,MG,124.8,0.72,8016,4762
Ponte Nova,MG,470.64,0.72,57390,51046
Santo Antônio Do Monte,MG,NaN,0.72,25975,21302
São João Batista Do Glória,MG,547.91,0.72,6887,5579
São José Do Alegre,MG,88.79,0.72,3996,2894
Tupaciguara,MG,NaN,0.72,24188,21636
Ubá,MG,407.45,0.72,101519,96248
Ibiá,MG,NaN,0.718,23218,19484
Lagamar,MG,NaN,0.718,7600,5098
Tombos,MG,285.12,0.718,9537,7556
Diamantina,MG,NaN,0.716,45880,40491
Goianá,MG,152.04,0.716,3659,2969
Jacutinga,MG,347.67,0.715,22772,15560
Machado,MG,585.96,0.715,38688,31371
Nova Serrana,MG,282.47,0.715,73699,69346
Paraguaçu,MG,424.3,0.715,20245,16567
Passa Quatro,MG,277.22,0.715,15582,11611
Santa Luzia,MG,235.08,0.715,202942,191977
São Gonçalo Do Sapucaí,MG,516.68,0.715,23906,19637
São Vicente De Minas,MG,392.65,0.715,7008,5927
Curvelo,MG,NaN,0.713,74219,66960
Itapecerica,MG,NaN,0.713,21377,16418
Campo Belo,MG,528.23,0.711,51544,47527
Chiador,MG,252.85,0.711,2785,1904
Lambari,MG,213.11,0.711,19554,13973
Medeiros,MG,946.44,0.711,3444,1934
Varjão De Minas,MG,651.61,0.711,6054,4998
Campanha,MG,335.59,0.71,15433,13202
Capitólio,MG,521.8,0.71,8183,5002
Carmo Do Cajuru,MG,455.81,0.71,20012,17689
Cláudio,MG,630.71,0.71,25771,20725
Conceição Das Alagoas,MG,NaN,0.71,23043,20619
Congonhal,MG,205.13,0.71,10468,7693
Dom Silvério,MG,194.97,0.71,5196,4023
Estrela Dalva,MG,131.37,0.71,2470,1780
Iguatama,MG,628.2,0.71,8029,6668
Ijaci,MG,105.25,0.71,5859,5151
Laranjal,MG,204.88,0.71,6465,4738
Leandro Ferreira,MG,352.01,0.71,3205,2117
Lima Duarte,MG,848.56,0.71,16149,12239
Limeira Do Oeste,MG,NaN,0.71,6890,4943
Matutina,MG,260.96,0.71,3761,2683
Monte Santo De Minas,MG,594.63,0.71,21234,16267
Nova Era,MG,361.93,0.71,17528,15386
Pirapetinga,MG,190.68,0.71,10364,9089
Planura,MG,317.52,0.71,10384,9326
Pouso Alto,MG,263.03,0.71,6213,3605
Rio Novo,MG,209.31,0.71,8712,7490
Rio Paranaíba,MG,NaN,0.71,11885,7876
Rio Pomba,MG,252.42,0.71,17110,14384
Santa Bárbara,MG,684.06,0.71,27876,25790
Santa Vitória,MG,NaN,0.71,18138,14334
Tapira,MG,NaN,0.71,4112,2404
Visconde Do Rio Branco,MG,243.35,0.71,37942,32204
Araporã,MG,295.84,0.708,6144,5848
Coromandel,MG,NaN,0.708,27547,21503
Pedra Do Indaiá,MG,347.92,0.708,3875,2052
Romaria,MG,407.56,0.708,3596,2707
São João Nepomuceno,MG,407.43,0.708,25057,23687
Cachoeira De Minas,MG,304.24,0.706,11034,7000
Caetanópolis,MG,156.04,0.706,10218,8351
Campo Florido,MG,NaN,0.706,6870,4412
Caratinga,MG,NaN,0.706,85239,67042
Douradoquara,MG,312.88,0.706,1841,1232
Ibiraci,MG,562.1,0.706,12176,8137
Santa Cruz De Minas,MG,3.57,0.706,7865,7861
Santa Juliana,MG,723.78,0.706,11337,9757
Carmo Do Paranaíba,MG,NaN,0.705,29735,24601
Itamonte,MG,431.79,0.705,14003,9550
Santa Rosa Da Serra,MG,284.33,0.705,3224,1956
Conceição Dos Ouros,MG,180.24,0.703,10388,8076
Lagoa Formosa,MG,840.92,0.703,17161,12898
Palma,MG,316.48,0.703,6545,5108
Perdigão,MG,249.32,0.703,8912,7062
Dona Eusébia,MG,70.23,0.701,6001,5105
Guaranésia,MG,294.83,0.701,18714,16723
Nanuque,MG,NaN,0.701,40834,36579
Nova Ponte,MG,NaN,0.701,12812,10952
Presidente Olegário,MG,NaN,0.701,18577,13036
Teófilo Otoni,MG,NaN,0.701,134745,112361
Andrelândia,MG,NaN,0.7,12173,9735
Arantina,MG,89.42,0.7,2823,2633
Boa Esperança,MG,860.67,0.7,38516,32047
Bocaiúva,MG,NaN,0.7,46654,36443
Botelhos,MG,334.09,0.7,14920,11255
Cambuquira,MG,246.38,0.7,12602,10352
Campina Verde,MG,NaN,0.7,19324,14307
Campos Altos,MG,710.65,0.7,14206,12861
Carandaí,MG,487.28,0.7,23346,18164
Carmópolis De Minas,MG,400.01,0.7,17048,11739
Cássia,MG,665.8,0.7,17412,13945
Comendador Gomes,MG,NaN,0.7,2972,1508
Conceição Do Pará,MG,250.31,0.7,5158,2005
Dionísio,MG,339.38,0.7,8739,7122
Ibirité,MG,72.57,0.7,158954,158253
Ingaí,MG,305.59,0.7,2629,1620
Inhaúma,MG,245,0.7,5760,4190
João Pinheiro,MG,NaN,0.7,45260,36598
Madre De Deus De Minas,MG,492.91,0.7,4904,3714
Manhumirim,MG,182.9,0.7,21382,16895
Maria Da Fé,MG,202.9,0.7,14216,8281
Mário Campos,MG,35.2,0.7,13192,11929
Mateus Leme,MG,301.38,0.7,27856,24603
Oliveira,MG,897.29,0.7,39466,35099
São José Da Varginha,MG,205.5,0.7,4198,2369
São Tomás De Aquino,MG,277.93,0.7,7093,5486
Silvianópolis,MG,312.17,0.7,6027,3494
Soledade De Minas,MG,196.87,0.7,5676,3761
Abaeté,MG,NaN,0.698,22690,18464
Araújos,MG,245.52,0.698,7883,6751
Campestre,MG,577.84,0.698,20686,11392
Claraval,MG,227.63,0.698,4542,2518
Igarapé,MG,110.94,0.698,34851,32518
Santana Da Vargem,MG,172.44,0.698,7231,5277
Cruzeiro Da Fortaleza,MG,187.72,0.696,3934,3342
Estrela Do Sul,MG,822.45,0.696,7446,6009
Fortuna De Minas,MG,198.71,0.696,2705,1859
Ipiaçu,MG,466.02,0.696,4107,3731
Janaúba,MG,NaN,0.696,66803,60294
Morada Nova De Minas,MG,NaN,0.696,8255,6396
Serra Do Salitre,MG,NaN,0.696,10549,7728
Tocos Do Moji,MG,114.71,0.696,3950,1017
Turvolândia,MG,221,0.696,4658,2860
Vargem Bonita,MG,409.89,0.696,2163,1142
Araçaí,MG,187.54,0.695,2243,1783
Capim Branco,MG,95.33,0.695,8881,8046
Carangola,MG,353.4,0.695,32296,26105
Cristiano Otoni,MG,132.87,0.695,5007,4152
Cruzília,MG,522.42,0.695,14591,13235
Iraí De Minas,MG,356.26,0.695,6467,5152
Prata,MG,NaN,0.695,25802,19257
Guimarânia,MG,366.83,0.693,7265,5914
Ipanema,MG,456.64,0.693,18170,14133
Natércia,MG,188.72,0.693,4658,2721
Conceição Da Aparecida,MG,352.52,0.691,9820,6155
Estiva,MG,243.87,0.691,10845,4850
Itaguara,MG,410.47,0.691,12372,9460
Poço Fundo,MG,474.24,0.691,15959,9212
Abadia Dos Dourados,MG,881.06,0.69,6704,4154
Astolfo Dutra,MG,158.89,0.69,13049,11854
Bandeira Do Sul,MG,47.27,0.69,5338,4824
Belo Oriente,MG,334.91,0.69,23397,19607
Bom Sucesso,MG,705.05,0.69,17243,14116
Brazópolis,MG,367.69,0.69,14661,7777
Camacho,MG,223,0.69,3154,1458
Camanducaia,MG,528.69,0.69,21080,15290
Carmo Da Mata,MG,357.18,0.69,10927,8185
Coqueiral,MG,296.16,0.69,9289,6556
Córrego Danta,MG,657.43,0.69,3391,2080
Córrego Do Bom Jesus,MG,123.65,0.69,3730,2044
Cristais,MG,628.43,0.69,11286,8793
Dores De Campos,MG,124.84,0.69,9299,8396
Doresópolis,MG,152.91,0.69,1440,1131
Guanhães,MG,NaN,0.69,31262,25318
Guarda-Mor,MG,NaN,0.69,6565,3681
Inconfidentes,MG,149.61,0.69,6908,3598
Ipuiúna,MG,298.2,0.69,9521,7382
Jequitibá,MG,445.03,0.69,5156,1956
Manhuaçu,MG,628.32,0.69,79574,63209
Nazareno,MG,341.45,0.69,7954,6217
Paraopeba,MG,625.62,0.69,22563,19584
Pequeri,MG,90.83,0.69,3165,2908
Pimenta,MG,414.97,0.69,8236,6879
Pompéu,MG,NaN,0.69,29105,25352
Prados,MG,264.12,0.69,8391,5872
Prudente De Morais,MG,124.19,0.69,9573,9120
Recreio,MG,234.3,0.69,10299,9048
Santa Rita De Caldas,MG,503.01,0.69,9027,5532
Santana De Cataguases,MG,161.49,0.69,3622,2913
São Domingos Do Prata,MG,743.77,0.69,17357,10434
São Gonçalo Do Pará,MG,265.73,0.69,10398,7940
São Sebastião Da Bela Vista,MG,167.43,0.69,4948,2776
Biquinhas,MG,458.95,0.688,2630,1635
Dom Cavati,MG,59.52,0.688,5209,4595
Itamarati De Minas,MG,94.57,0.688,4079,3208
Monte Belo,MG,421.28,0.688,13061,8953
São Francisco De Sales,MG,NaN,0.688,5776,4293
Tocantins,MG,173.87,0.688,15823,12844
Vespasiano,MG,71.08,0.688,104527,84080
Caldas,MG,711.41,0.687,13633,7675
Dom Viçoso,MG,113.92,0.687,2994,997
Faria Lemos,MG,165.22,0.687,3376,2324
Passa Tempo,MG,429.17,0.687,8197,6332
Conceição Da Barra De Minas,MG,273.01,0.685,3954,2765
Elói Mendes,MG,499.54,0.685,25220,20303
Espírito Santo Do Dourado,MG,263.88,0.685,4429,1682
Piranguçu,MG,203.62,0.685,5217,1721
Resende Costa,MG,618.31,0.685,10913,8672
Rio Piracicaba,MG,373.04,0.685,14149,11229
Santana Do Paraíso,MG,276.07,0.685,27265,25947
Aimorés,MG,NaN,0.684,24959,19057
Antônio Prado De Minas,MG,83.8,0.684,1671,1003
Catas Altas,MG,240.04,0.684,4846,4233
Fronteira,MG,199.99,0.684,14041,13130
Mar De Espanha,MG,371.6,0.684,11749,10538
Piraúba,MG,144.29,0.684,10862,8768
Ribeirão Das Neves,MG,155.45,0.684,296317,272404
Rochedo De Minas,MG,79.4,0.684,2116,1914
Senador José Bento,MG,93.89,0.684,1868,682
Campos Gerais,MG,769.5,0.682,27600,19056
Carmo De Minas,MG,322.29,0.682,13750,10143
Patrocínio Do Muriaé,MG,108.25,0.682,5287,4303
Queluzito,MG,153.56,0.682,1861,847
Santa Rita De Jacutinga,MG,420.94,0.682,4993,3736
Turmalina,MG,NaN,0.682,18055,12862
Alvinópolis,MG,599.44,0.68,15261,11344
Antônio Carlos,MG,529.92,0.68,11114,7825
Arceburgo,MG,162.88,0.68,9509,8131
Baependi,MG,750.55,0.68,18307,13077
Bom Jesus Do Amparo,MG,195.61,0.68,5491,2512
Bonfinópolis De Minas,MG,NaN,0.68,5865,4089
Campo Do Meio,MG,275.43,0.68,11476,9130
Candeias,MG,720.51,0.68,14595,10112
Careaçu,MG,181.01,0.68,6298,4658
Cedro Do Abaeté,MG,283.21,0.68,1210,1033
Centralina,MG,327.19,0.68,10266,9295
Conceição De Ipanema,MG,253.94,0.68,4456,1462
Corinto,MG,NaN,0.68,23914,21041
Córrego Fundo,MG,101.11,0.68,5790,4401
Descoberto,MG,213.17,0.68,4768,4060
Estrela Do Indaiá,MG,635.98,0.68,3516,2767
Ewbank Da Câmara,MG,103.83,0.68,3753,3433
Gonçalves,MG,187.35,0.68,4220,1144
Gouveia,MG,866.6,0.68,11681,8193
Guidoval,MG,158.38,0.68,7206,5191
Gurinhatã,MG,NaN,0.68,6137,2672
Ilicínea,MG,376.34,0.68,11488,8991
Jaboticatubas,MG,NaN,0.68,17134,10722
Lagoa Dourada,MG,476.69,0.68,12256,6869
Luminárias,MG,500.14,0.68,5422,4137
Maripá De Minas,MG,77.34,0.68,2788,2261
Miraí,MG,320.7,0.68,13808,10323
Piedade Do Rio Grande,MG,322.81,0.68,4709,3423
Quartel Geral,MG,556.44,0.68,3303,2749
Ressaquinha,MG,183.06,0.68,4711,2979
São Sebastião Do Rio Verde,MG,90.85,0.68,2110,1321
Sapucaí-Mirim,MG,285.07,0.68,6241,3783
Tabuleiro,MG,211.08,0.68,4079,2697
Tiros,MG,NaN,0.68,6906,4815
Wenceslau Braz,MG,102.49,0.68,2553,1264
Glaucilândia,MG,145.86,0.679,2962,1048
Guapé,MG,934.35,0.679,13872,7111
Jaguaraçu,MG,163.76,0.679,2990,2137
Lagoa Grande,MG,NaN,0.679,8631,6377
Rio Preto,MG,348.05,0.679,5292,4408
Salinas,MG,NaN,0.679,39178,30607
Coronel Xavier Chaves,MG,140.95,0.677,3301,1800
Guaraciama,MG,390.26,0.677,4718,3024
Guarani,MG,264.19,0.677,8678,6610
Itatiaiuçu,MG,295.15,0.677,9928,6218
Serra Da Saudade,MG,335.66,0.677,815,524
Serrania,MG,209.27,0.677,7542,6537
Água Comprida,MG,492.17,0.675,2025,1499
Alfredo Vasconcelos,MG,130.82,0.675,6075,4031
Capetinga,MG,297.94,0.675,7089,5847
Eugenópolis,MG,309.4,0.675,10540,7358
Ibituruna,MG,153.11,0.675,2866,2465
Mantena,MG,685.21,0.675,27111,21053
Naque,MG,127.17,0.675,6341,5945
Pedralva,MG,217.99,0.675,11467,5504
Teixeiras,MG,166.74,0.675,11355,7574
Virginópolis,MG,439.88,0.675,10572,6147
Bela Vista De Minas,MG,109.14,0.674,10004,9377
Brasilândia De Minas,MG,NaN,0.674,14226,12341
Cabo Verde,MG,368.21,0.674,13823,7582
Guiricema,MG,293.58,0.674,8707,4207
Ibitiúra De Minas,MG,68.32,0.674,3382,2347
Indianópolis,MG,830.03,0.674,6190,3635
Itamogi,MG,243.71,0.674,10349,7695
Monte Alegre De Minas,MG,NaN,0.674,19619,13210
Olímpio Noronha,MG,54.63,0.674,2533,2248
Pequi,MG,203.99,0.674,4076,2949
São Pedro Da União,MG,260.83,0.674,5040,2755
Senador Cortes,MG,98.34,0.674,1988,1511
Buritis,MG,NaN,0.672,22737,15794
Entre Rios De Minas,MG,456.8,0.672,14242,9797
Liberdade,MG,401.34,0.672,5346,3848
Maravilhas,MG,261.6,0.672,7163,4882
Santo Antônio Do Amparo,MG,488.89,0.672,17345,15137
São Bento Abade,MG,80.4,0.672,4577,4236
São Roque De Minas,MG,NaN,0.672,6686,4188
União De Minas,MG,NaN,0.672,4418,2651
Aiuruoca,MG,649.68,0.67,6162,3042
Albertina,MG,58.01,0.67,2913,1998
Alterosa,MG,362.01,0.67,13717,9956
Baldim,MG,556.27,0.67,7913,5023
Bom Jardim De Minas,MG,412.02,0.67,6501,5540
Claro Dos Poções,MG,720.42,0.67,7775,5249
Conceição Das Pedras,MG,102.21,0.67,2749,1509
Consolação,MG,89.12,0.67,1727,949
Cristina,MG,311.33,0.67,10210,5899
Divisa Nova,MG,216.96,0.67,5763,4645
Dom Bosco,MG,817.38,0.67,3814,2050
Esmeraldas,MG,909.68,0.67,60271,55040
Fortaleza De Minas,MG,218.79,0.67,4098,2945
Jacuí,MG,409.23,0.67,7502,4529
Leme Do Prado,MG,280.04,0.67,4804,1761
Natalândia,MG,468.66,0.67,3280,2447
Nova Resende,MG,390.15,0.67,15374,8801
Papagaios,MG,553.58,0.67,14175,11821
Resplendor,MG,NaN,0.67,17089,12969
Rio Acima,MG,229.81,0.67,9090,8453
Rodeiro,MG,72.67,0.67,6867,5506
Santo Antônio Do Aventureiro,MG,202.03,0.67,3538,2374
São Gonçalo Do Abaeté,MG,NaN,0.67,6264,4161
São José Do Goiabal,MG,189.58,0.67,5636,3685
Taiobeiras,MG,NaN,0.67,30917,24995
Várzea Da Palma,MG,NaN,0.67,35809,31216
Vieiras,MG,112.69,0.67,3731,1851
Buenópolis,MG,NaN,0.669,10292,7683
Coimbra,MG,106.88,0.669,7054,5143
Coronel Pacheco,MG,131.51,0.669,2983,2141
Delfim Moreira,MG,408.47,0.669,7971,2998
Juramento,MG,431.63,0.669,4113,2270
Martinho Campos,MG,NaN,0.669,12611,10932
Paineiras,MG,637.31,0.669,4631,3568
Santo Antônio Do Rio Abaixo,MG,107.27,0.669,1777,887
Volta Grande,MG,205.55,0.669,5070,3787
Nepomuceno,MG,582.55,0.667,25733,19800
Santana Do Garambéu,MG,203.07,0.667,2234,1548
São Gonçalo Do Rio Abaixo,MG,363.83,0.667,9777,4649
São Thomé Das Letras,MG,369.75,0.667,6655,3787
Tapiraí,MG,407.92,0.667,1873,1084
Veríssimo,MG,NaN,0.667,3483,1969
Central De Minas,MG,204.33,0.665,6772,5594
Conceição Do Rio Verde,MG,369.68,0.665,12949,11353
Ipaba,MG,113.25,0.665,16708,14614
Mirabela,MG,723.28,0.665,13042,9999
Santana Do Riacho,MG,677.21,0.665,4023,2260
Chácara,MG,152.81,0.664,2792,1903
Inimutaba,MG,527.06,0.664,6724,4737
Mercês,MG,348.27,0.664,10368,7226
Rio Doce,MG,112.09,0.664,2465,1650
São Brás Do Suaçuí,MG,110.02,0.664,3513,3128
Uruana De Minas,MG,598.22,0.664,3235,1809
Conselheiro Pena,MG,NaN,0.662,22242,17446
Mato Verde,MG,472.25,0.662,12684,9160
Nova União,MG,172.13,0.662,5555,2984
Rosário Da Limeira,MG,111.16,0.662,4247,2283
São Joaquim De Bicas,MG,71.76,0.662,25537,21770
São Tiago,MG,572.4,0.662,10561,8436
Aguanil,MG,232.09,0.66,4054,2296
Alto Caparaó,MG,103.69,0.66,5297,3915
Alto Jequitibá,MG,152.27,0.66,8318,4719
Aracitaba,MG,106.61,0.66,2058,1640
Araçuaí,MG,NaN,0.66,36013,23201
Arinos,MG,NaN,0.66,17674,10806
Augusto De Lima,MG,NaN,0.66,4960,2827
Belmiro Braga,MG,393.09,0.66,3403,1316
Brasília De Minas,MG,NaN,0.66,31213,20565
Bueno Brandão,MG,356.15,0.66,10892,5621
Cordisburgo,MG,823.65,0.66,8667,5947
Cordislândia,MG,179.54,0.66,3435,2728
Divino Das Laranjeiras,MG,342.25,0.66,4937,4106
Espera Feliz,MG,317.64,0.66,22856,14080
Inhapim,MG,858.02,0.66,24294,13886
Januária,MG,NaN,0.66,65463,41121
Jeceaba,MG,236.25,0.66,5395,2985
Jesuânia,MG,153.85,0.66,4768,3081
Lajinha,MG,431.92,0.66,19609,12187
Mesquita,MG,274.94,0.66,6069,3805
Minduri,MG,219.77,0.66,3840,3365
Miradouro,MG,301.67,0.66,10251,5630
Onça De Pitangui,MG,246.98,0.66,3055,1517
Pescador,MG,317.46,0.66,4128,3195
São Francisco De Paula,MG,316.82,0.66,6483,4622
São Francisco Do Glória,MG,164.61,0.66,5178,3129
São José Do Divino,MG,328.7,0.66,3834,2686
São Sebastião Da Vargem Alegre,MG,73.63,0.66,2798,1602
Senador Amaral,MG,151.1,0.66,5219,3098
Seritinga,MG,114.77,0.66,1789,1482
Serro,MG,NaN,0.66,20835,12808
Toledo,MG,136.78,0.66,5764,2153
Couto De Magalhães De Minas,MG,485.65,0.659,4204,3819
Monte Azul,MG,NaN,0.659,21994,12329
São Pedro Dos Ferros,MG,402.74,0.659,8356,6732
Divinésia,MG,116.97,0.657,3293,2175
Heliodora,MG,153.95,0.657,6121,4413
Ibertioga,MG,346.24,0.657,5036,3426
Marliéria,MG,545.81,0.657,4012,2823
Santo Hipólito,MG,430.66,0.657,3238,2233
São José Do Mantimento,MG,54.7,0.657,2592,1437
Belo Vale,MG,365.92,0.655,7536,3292
Carmo Da Cachoeira,MG,506.33,0.655,11836,8903
Chalé,MG,212.67,0.655,5645,2781
Engenheiro Navarro,MG,608.31,0.655,7122,4724
Funilândia,MG,199.8,0.655,3855,2029
Lamim,MG,118.6,0.655,3452,1511
Pedra Dourada,MG,69.99,0.655,2191,1297
Raul Soares,MG,763.36,0.655,23818,15377
Abre Campo,MG,470.55,0.654,13311,7101
Francisco Sá,MG,NaN,0.654,24912,14810
Galiléia,MG,720.36,0.654,6951,5657
Iapu,MG,340.58,0.654,10315,7145
Sem-Peixe,MG,176.63,0.654,2847,1506
Bom Repouso,MG,229.85,0.653,10457,5652
Capelinha,MG,965.38,0.653,34803,24567
Itabirinha,MG,209.03,0.653,10692,8320
Ritápolis,MG,404.81,0.653,4925,3407
São João Da Mata,MG,120.54,0.653,2731,1706
Casa Grande,MG,157.73,0.652,2244,1122
Guarará,MG,88.66,0.652,3929,3486
Silveirânia,MG,157.46,0.652,2192,1428
Alpercata,MG,166.97,0.65,7172,5617
Cana Verde,MG,212.72,0.65,5589,4040
Carmésia,MG,259.1,0.65,2446,1303
Carvalhos,MG,282.25,0.65,4556,2414
Crucilândia,MG,167.16,0.65,4757,2914
Fernandes Tourinho,MG,151.88,0.65,3030,2008
Gameleiras,MG,NaN,0.65,5139,1406
Igaratinga,MG,218.34,0.65,9264,7628
Itamarandiba,MG,NaN,0.65,32175,21814
Itanhomi,MG,488.84,0.65,11856,8533
Lontra,MG,258.87,0.65,8397,5614
Marmelópolis,MG,107.9,0.65,2968,1549
Monjolos,MG,650.91,0.65,2360,1402
Periquito,MG,228.91,0.65,7036,5289
Piracema,MG,280.34,0.65,6406,3003
Porteirinha,MG,NaN,0.65,37627,19222
Rio Casca,MG,384.38,0.65,14201,11171
Santana Do Deserto,MG,182.66,0.65,3860,1404
São Geraldo,MG,185.58,0.65,10263,7226
São João Do Manhuaçu,MG,143.1,0.65,10245,4178
Serra Dos Aimorés,MG,213.57,0.65,8412,6761
Taquaraçu De Minas,MG,329.29,0.65,3794,1755
Virgínia,MG,326.52,0.65,8623,3902
Alagoa,MG,161.36,0.649,2709,1099
Barão De Monte Alto,MG,198.31,0.649,5720,4516
Canaã,MG,174.9,0.649,4628,1846
Cabeceira Grande,MG,NaN,0.648,6453,5283
Capela Nova,MG,111.07,0.648,4755,2125
Carlos Chagas,MG,NaN,0.648,20069,12898
Felixlândia,MG,NaN,0.648,14121,10850
Frei Inocêncio,MG,469.56,0.648,8920,6728
Morro Da Garça,MG,414.77,0.648,2660,1520
Passa Vinte,MG,246.57,0.648,2079,1295
Rio Manso,MG,231.54,0.648,5276,2802
Santa Maria De Itabira,MG,597.44,0.648,10552,6278
São João Do Oriente,MG,120.12,0.648,7874,6319
Goiabeira,MG,112.44,0.647,3053,2464
Munhoz,MG,191.56,0.647,6257,3310
Santana Do Jacaré,MG,106.17,0.647,4607,4382
Santana Dos Montes,MG,196.57,0.647,3822,2285
Águas Formosas,MG,820.08,0.645,18479,14230
Antônio Dias,MG,787.06,0.645,9565,4662
Bocaina De Minas,MG,503.77,0.645,5007,2396
Durandé,MG,217.46,0.645,7423,3546
Taparuba,MG,193.08,0.645,3137,1405
Engenheiro Caldas,MG,187.06,0.644,10280,8325
Mutum,MG,NaN,0.644,26661,13711
São Miguel Do Anta,MG,152.11,0.644,6760,3738
Senador Firmino,MG,166.5,0.644,7230,4642
Argirita,MG,159.38,0.643,2901,2192
Jequitaí,MG,NaN,0.643,8005,5427
Serranos,MG,213.17,0.643,1995,1536
Almenara,MG,NaN,0.642,38775,31551
Coração De Jesus,MG,NaN,0.642,26033,14668
Manga,MG,NaN,0.642,19813,13766
Passabém,MG,94.18,0.642,1766,1010
Amparo Do Serra,MG,136.19,0.64,5053,2623
Formoso,MG,NaN,0.64,8177,5162
Itacarambi,MG,NaN,0.64,17720,13771
Machacalis,MG,332.38,0.64,6976,5735
Nova Porteirinha,MG,120.94,0.64,7398,4065
Santa Maria Do Suaçuí,MG,624.05,0.64,14395,10538
São Gonçalo Do Rio Preto,MG,314.46,0.64,3056,1939
São João Do Manteninha,MG,137.93,0.64,5188,2904
São Romão,MG,NaN,0.64,10276,6413
Capitão Enéas,MG,971.58,0.639,14206,11503
Delta,MG,102.78,0.639,8089,7329
Desterro De Entre Rios,MG,377.17,0.639,7002,3568
Piedade De Ponte Nova,MG,83.73,0.639,4062,3156
Carbonita,MG,NaN,0.638,9148,6710
Jaíba,MG,NaN,0.638,33587,17546
Moeda,MG,155.11,0.638,4689,1787
Sabinópolis,MG,919.81,0.638,15704,10099
São Domingos Das Dores,MG,60.87,0.638,5408,2573
São Francisco,MG,NaN,0.638,53828,34060
São João Evangelista,MG,478.18,0.638,15553,10057
Simão Pereira,MG,135.69,0.638,2537,1496
Umburatiba,MG,405.83,0.638,2705,1554
Bonfim,MG,301.87,0.637,6818,3305
Joaquim Felício,MG,790.94,0.637,4305,2506
Oratórios,MG,89.07,0.637,4493,3240
Paula Cândido,MG,268.32,0.637,9271,4915
Pedro Teixeira,MG,112.96,0.637,1785,965
Santa Bárbara Do Tugúrio,MG,194.56,0.637,4570,2187
Dores De Guanhães,MG,382.12,0.636,5223,1622
Olaria,MG,178.24,0.636,1976,917
Sardoá,MG,141.9,0.636,5594,1979
Chapada Gaúcha,MG,NaN,0.635,10805,5717
Itueta,MG,452.68,0.635,5830,3289
Martins Soares,MG,113.27,0.635,7173,2917
Oliveira Fortes,MG,111.13,0.635,2123,1171
Caranaíba,MG,159.95,0.634,3288,1176
Conceição Do Mato Dentro,MG,NaN,0.634,17908,12213
Entre Folhas,MG,85.39,0.634,5175,3885
Itambacuri,MG,NaN,0.634,22809,14445
Itambé Do Mato Dentro,MG,380.34,0.634,2283,907
Lagoa Dos Patos,MG,600.55,0.634,4225,3073
Porto Firme,MG,284.78,0.634,10417,4811
São João Da Lagoa,MG,998.02,0.634,4656,2388
Vargem Grande Do Rio Pardo,MG,491.51,0.634,4733,2421
Caiana,MG,106.47,0.633,4968,2495
Minas Novas,MG,NaN,0.633,30794,12471
Santo Antônio Do Grama,MG,130.21,0.633,4085,3365
Serranópolis De Minas,MG,551.95,0.633,4425,1725
Tarumirim,MG,731.75,0.633,14293,7950
Urucânia,MG,138.79,0.633,10291,7928
Córrego Novo,MG,205.39,0.632,3127,2034
José Gonçalves De Minas,MG,381.33,0.632,4553,1135
Presidente Bernardes,MG,236.8,0.632,5537,1626
Riachinho,MG,NaN,0.632,8007,4429
São Sebastião Do Rio Preto,MG,128,0.632,1613,873
Simonésia,MG,486.54,0.632,18298,7072
Veredinha,MG,631.69,0.632,5549,3761
Cantagalo,MG,141.86,0.631,4195,2477
Desterro Do Melo,MG,142.28,0.631,3015,1375
Matipó,MG,266.99,0.631,17639,13766
Senhora De Oliveira,MG,170.75,0.631,5683,3241
Sobrália,MG,206.79,0.631,5830,4128
Vargem Alegre,MG,116.66,0.631,6461,5256
Acaiaca,MG,101.89,0.63,3920,2550
Nova Módica,MG,375.97,0.63,3790,2321
Santa Rita De Ibitipoca,MG,324.23,0.63,3583,2232
São Geraldo Do Baixio,MG,280.95,0.63,3486,2438
Dores Do Turvo,MG,231.17,0.629,4462,2022
Itaobim,MG,679.02,0.629,21001,15673
Lassance,MG,NaN,0.629,6484,3872
Piau,MG,192.2,0.629,2841,1669
Reduto,MG,151.86,0.629,6569,3648
Berilo,MG,587.11,0.628,12300,3883
Itacambira,MG,NaN,0.628,4988,1004
Jordânia,MG,546.71,0.628,10324,7171
Santana De Pirapama,MG,NaN,0.628,8009,3297
Bugre,MG,161.91,0.627,3992,1529
Coronel Murta,MG,815.41,0.627,9117,6681
Cuparaque,MG,226.75,0.627,4680,3877
Espinosa,MG,NaN,0.627,31113,17597
Itaverava,MG,284.22,0.627,5799,2565
Pavão,MG,601.19,0.627,8589,5176
Peçanha,MG,996.65,0.627,17260,9035
Pedra Azul,MG,NaN,0.627,23839,20912
Riacho Dos Machados,MG,NaN,0.627,9360,4497
Coroaci,MG,576.27,0.626,10270,5168
Joanésia,MG,233.29,0.626,5425,2060
Mendes Pimentel,MG,305.51,0.626,6331,3447
Olhos-D'Água,MG,NaN,0.626,5267,2861
Piedade Dos Gerais,MG,259.64,0.626,4640,2077
Pocrane,MG,691.07,0.626,8986,5374
São Sebastião Do Oeste,MG,408.09,0.626,5805,2927
Senhora Dos Remédios,MG,237.82,0.626,10196,3421
Tumiritinga,MG,500.07,0.626,6293,4316
Brás Pires,MG,223.35,0.625,4637,2202
Ervália,MG,357.49,0.625,17946,9422
Francisco Dumont,MG,NaN,0.625,4863,3186
Paulistas,MG,220.56,0.625,4918,2290
Santa Cruz Do Escalvado,MG,258.73,0.625,4992,1728
São João Do Pacuí,MG,415.92,0.625,4060,1921
Barra Longa,MG,383.63,0.624,6143,2304
Braúnas,MG,378.32,0.624,5030,1593
Buritizeiro,MG,NaN,0.624,26922,23526
Caparaó,MG,130.69,0.624,5209,2005
Capitão Andrade,MG,279.09,0.624,4925,3569
Icaraí De Minas,MG,625.66,0.624,10746,2973
Jenipapo De Minas,MG,284.45,0.624,7116,2863
Medina,MG,NaN,0.624,21026,15048
Pedra Do Anta,MG,173.17,0.624,3365,2191
Poté,MG,625.11,0.624,15667,9299
Rio Pardo De Minas,MG,NaN,0.624,29099,11636
Bom Jesus Do Galho,MG,592.29,0.623,15364,9975
Divinolândia De Minas,MG,133.12,0.623,7024,5751
Guaraciaba,MG,348.6,0.623,10223,3173
Dom Joaquim,MG,398.82,0.622,4535,2919
Francisco Badaró,MG,461.48,0.622,10248,3170
São Pedro Do Suaçuí,MG,308.11,0.622,5570,2302
Campo Azul,MG,505.91,0.621,3684,1540
Catuti,MG,287.81,0.621,5102,2974
Cônego Marinho,MG,NaN,0.621,7101,1908
Santana Do Manhuaçu,MG,347.36,0.621,8582,4133
Alto Rio Doce,MG,518.05,0.62,12159,4991
Bias Fortes,MG,283.54,0.62,3793,1497
Jacinto,MG,NaN,0.62,12134,9115
São Félix De Minas,MG,162.56,0.62,3382,2082
Senador Modestino Gonçalves,MG,952.06,0.62,4574,1786
Virgolândia,MG,281.02,0.62,5658,3392
Pingo D'Água,MG,66.57,0.619,4420,4029
Urucuia,MG,NaN,0.619,13604,6152
Malacacheta,MG,727.89,0.618,18776,11701
Mamonas,MG,284.37,0.618,6321,2808
Cajuri,MG,83.04,0.617,4047,2093
José Raydan,MG,180.82,0.617,4376,1560
Campanário,MG,442.4,0.616,3564,2647
Datas,MG,310.1,0.616,5211,3087
Matias Cardoso,MG,NaN,0.616,9979,5131
Novorizonte,MG,271.61,0.616,4963,1717
Caputira,MG,187.7,0.615,9030,3778
Jequitinhonha,MG,NaN,0.615,24131,16853
Marilac,MG,158.81,0.615,4219,3417
Santa Fé De Minas,MG,NaN,0.615,3968,2262
São João Do Paraíso,MG,NaN,0.615,22319,10219
Ibiaí,MG,874.76,0.614,7839,5980
Luislândia,MG,411.71,0.614,6400,2989
Patis,MG,444.2,0.614,5579,2297
Pedras De Maria Da Cruz,MG,NaN,0.614,10315,6323
Presidente Juscelino,MG,695.88,0.614,3908,1846
Ubaporanga,MG,189.05,0.614,12040,6419
Montalvânia,MG,NaN,0.613,15862,10210
Santa Bárbara Do Leste,MG,107.4,0.613,7682,3959
Santa Maria Do Salto,MG,440.61,0.613,5284,3739
Santa Rita De Minas,MG,68.15,0.613,6547,4746
Mathias Lobato,MG,172.3,0.612,3370,3060
Piedade De Caratinga,MG,109.35,0.612,7110,4592
Vermelho Novo,MG,115.24,0.612,4689,1849
Açucena,MG,815.42,0.61,10276,4790
Indaiabira,MG,NaN,0.61,7330,2742
Santa Margarida,MG,255.73,0.61,15011,7612
Virgem Da Lapa,MG,868.91,0.61,13619,6837
Divisópolis,MG,572.93,0.609,8974,6390
Jampruca,MG,517.1,0.609,5067,3256
Rubim,MG,965.17,0.609,9919,7678
Ubaí,MG,820.52,0.609,11681,5648
Divisa Alegre,MG,117.8,0.608,5884,5686
Japonvar,MG,375.23,0.608,8298,3042
Luisburgo,MG,145.42,0.608,6234,1836
Salto Da Divisa,MG,938.01,0.608,6859,5743
Santa Efigênia De Minas,MG,131.97,0.607,4600,3044
Santa Rita Do Itueto,MG,485.08,0.607,5697,2566
São Sebastião Do Anta,MG,80.62,0.607,5739,4205
Felício Dos Santos,MG,357.62,0.606,5142,2221
Gonzaga,MG,209.35,0.606,5921,3221
Ponto Chique,MG,602.8,0.606,3966,2577
Santa Bárbara Do Monte Verde,MG,417.93,0.606,2788,1607
Divino,MG,337.78,0.605,19133,10652
Rio Do Prado,MG,479.82,0.605,5217,2717
Berizal,MG,488.76,0.604,4370,2475
Grão Mogol,MG,NaN,0.604,15024,5188
Ferros,MG,NaN,0.603,10837,5028
Franciscópolis,MG,717.09,0.603,5800,2396
Botumirim,MG,NaN,0.602,6497,3470
Rio Espera,MG,238.6,0.602,6070,2377
Águas Vermelhas,MG,NaN,0.601,12722,8932
Diogo De Vasconcelos,MG,165.09,0.601,3848,1096
Jequeri,MG,547.9,0.601,12848,7250
Catas Altas Da Noruega,MG,141.62,0.6,3462,1428
Itinga,MG,NaN,0.6,14407,6546
Piranga,MG,658.81,0.6,17232,5899
São Geraldo Da Piedade,MG,152.34,0.6,4389,1048
Bandeira,MG,483.79,0.599,4987,1789
Padre Carvalho,MG,446.28,0.599,5834,3462
Chapada Do Norte,MG,830.83,0.598,15189,5689
Angelândia,MG,185.21,0.597,8003,4036
Materlândia,MG,280.53,0.597,4595,2005
Morro Do Pilar,MG,477.55,0.597,3399,2581
Padre Paraíso,MG,544.38,0.596,18849,11494
Ouro Verde De Minas,MG,175.48,0.595,6016,3613
Ponto Dos Volantes,MG,NaN,0.595,11345,4025
Presidente Kubitschek,MG,189.24,0.595,2959,2012
Bertópolis,MG,427.8,0.594,4498,2721
Pintópolis,MG,NaN,0.594,7211,2532
Varzelândia,MG,814.99,0.594,19116,8877
Comercinho,MG,654.96,0.593,8298,3545
Miravânia,MG,602.13,0.593,4549,1072
Ibiracatu,MG,353.41,0.591,6155,3116
Alvarenga,MG,278.17,0.59,4444,2109
Frei Gaspar,MG,626.67,0.59,5879,1916
Fronteira Dos Vales,MG,320.76,0.59,4687,3021
Joaíma,MG,NaN,0.59,14941,10241
Juvenília,MG,NaN,0.59,5708,4384
Montezuma,MG,NaN,0.59,7464,3074
Nova Belém,MG,146.78,0.59,3732,1348
Pai Pedro,MG,839.81,0.59,5934,1742
Ataléia,MG,NaN,0.588,14455,7176
Crisólita,MG,966.2,0.585,6047,3485
Curral De Dentro,MG,570.95,0.585,6913,5820
Nacip Raydan,MG,233.49,0.585,3154,1960
Verdelândia,MG,NaN,0.584,8346,4698
Coluna,MG,348.49,0.583,9024,3770
Cristália,MG,840.7,0.583,5760,3038
Felisburgo,MG,596.22,0.583,6877,5034
São José Da Safira,MG,213.88,0.583,4075,2944
Mata Verde,MG,227.54,0.581,7874,6387
São Sebastião Do Maranhão,MG,517.83,0.581,10647,3237
Água Boa,MG,NaN,0.58,15195,6987
Aricanduva,MG,243.33,0.58,4770,1684
Fervedouro,MG,357.68,0.58,10349,4745
Rubelita,MG,NaN,0.58,7772,2514
Santa Cruz De Salinas,MG,589.61,0.58,4397,1150
Cipotânea,MG,153.48,0.579,6547,2993
Cachoeira De Pajeú,MG,695.67,0.578,8959,4460
Santo Antônio Do Jacinto,MG,503.71,0.574,11775,6341
Pedra Bonita,MG,173.93,0.573,6673,1805
Alvorada De Minas,MG,374.01,0.57,3546,1441
Novo Cruzeiro,MG,NaN,0.57,30725,10471
Santa Helena De Minas,MG,276.43,0.57,6055,3760
Santo Antônio Do Retiro,MG,796.29,0.57,6955,1590
São José Do Jacuri,MG,345.15,0.57,6553,2000
São João Da Ponte,MG,NaN,0.569,25358,8616
Congonhas Do Norte,MG,405.67,0.568,4943,2582
Palmópolis,MG,433.15,0.565,6931,4463
Senhora Do Porto,MG,381.33,0.565,3497,1580
Josenópolis,MG,541.39,0.564,4566,2443
Orizânia,MG,121.8,0.562,7284,2221
Caraí,MG,NaN,0.56,22343,8799
Rio Vermelho,MG,986.56,0.56,13645,5443
Santo Antônio Do Itambé,MG,305.74,0.56,4135,1230
Sericita,MG,166.01,0.56,7128,3717
Serra Azul De Minas,MG,218.6,0.557,4220,1706
Ninheira,MG,NaN,0.556,9815,2614
Novo Oriente De Minas,MG,755.15,0.555,10339,4408
Itaipé,MG,480.83,0.552,11798,4912
Imbé De Minas,MG,196.74,0.55,6424,2037
Fruta De Leite,MG,762.84,0.544,5940,2036
Setubinha,MG,534.66,0.542,10885,2790
Ladainha,MG,866.29,0.541,16994,4268
Monte Formoso,MG,385.55,0.541,4656,1696
Catuji,MG,419.38,0.54,6708,1666
Frei Lagonegro,MG,167.47,0.54,3329,616
Bonito De Minas,MG,NaN,0.537,9673,2201
Araponga,MG,303.79,0.536,8152,3022
São João Das Missões,MG,678.27,0.529,11715,2431